{
    "loss": [
        2.7560126781463623,
        2.2539379596710205,
        2.2401485443115234,
        2.127256155014038,
        2.128791093826294,
        2.0298092365264893,
        1.9884881973266602,
        1.9413427114486694,
        1.7382813692092896,
        1.7490991353988647,
        1.7032535076141357,
        1.6698362827301025,
        1.659088134765625,
        1.623276710510254,
        1.5905848741531372,
        1.6757609844207764,
        1.6619623899459839,
        1.5503311157226562,
        1.4417914152145386,
        1.447730541229248,
        1.3865008354187012,
        1.2462066411972046,
        1.310716986656189,
        1.1911605596542358,
        1.1927857398986816,
        1.2822586297988892
    ],
    "accuracy": [
        0.10055866092443466,
        0.22905027866363525,
        0.21229049563407898,
        0.2402234673500061,
        0.2569832503795624,
        0.2178770899772644,
        0.31284916400909424,
        0.35754188895225525,
        0.3743016719818115,
        0.34078213572502136,
        0.42458099126815796,
        0.4134078323841095,
        0.4189944267272949,
        0.3910614550113678,
        0.44692736864089966,
        0.3910614550113678,
        0.3854748606681824,
        0.4301675856113434,
        0.46927374601364136,
        0.5027933120727539,
        0.5363128781318665,
        0.5698323845863342,
        0.5363128781318665,
        0.5921787619590759,
        0.5586591958999634,
        0.575419008731842
    ],
    "val_loss": [
        2.287107467651367,
        2.272493839263916,
        2.2585558891296387,
        2.2403299808502197,
        2.2218377590179443,
        2.1988189220428467,
        2.1882479190826416,
        2.1848957538604736,
        2.1479406356811523,
        2.177036762237549,
        2.181539297103882,
        2.125300168991089,
        2.1167752742767334,
        2.0953738689422607,
        2.1879937648773193,
        2.258488178253174,
        2.167897939682007,
        2.176562547683716,
        2.125110149383545,
        2.239206552505493,
        2.204453945159912,
        2.268234968185425,
        2.3230769634246826,
        2.5005574226379395,
        2.4305808544158936,
        2.642719268798828
    ],
    "val_accuracy": [
        0.1111111119389534,
        0.08888889104127884,
        0.15555556118488312,
        0.1111111119389534,
        0.20000000298023224,
        0.2666666805744171,
        0.20000000298023224,
        0.20000000298023224,
        0.2222222238779068,
        0.17777778208255768,
        0.2222222238779068,
        0.20000000298023224,
        0.20000000298023224,
        0.24444444477558136,
        0.20000000298023224,
        0.1111111119389534,
        0.15555556118488312,
        0.24444444477558136,
        0.31111112236976624,
        0.20000000298023224,
        0.24444444477558136,
        0.20000000298023224,
        0.15555556118488312,
        0.13333334028720856,
        0.17777778208255768,
        0.1111111119389534
    ]
}