{
    "Very Low": {
        "precision": 0.125,
        "recall": 0.0625,
        "f1-score": 0.08333333333333333,
        "support": 16.0
    },
    "Low": {
        "precision": 0.30303030303030304,
        "recall": 0.3333333333333333,
        "f1-score": 0.31746031746031744,
        "support": 30.0
    },
    "Medium": {
        "precision": 0.36585365853658536,
        "recall": 0.2830188679245283,
        "f1-score": 0.3191489361702128,
        "support": 53.0
    },
    "High": {
        "precision": 0.47058823529411764,
        "recall": 0.5714285714285714,
        "f1-score": 0.5161290322580645,
        "support": 70.0
    },
    "Excellent": {
        "precision": 0.14814814814814814,
        "recall": 0.16,
        "f1-score": 0.15384615384615385,
        "support": 25.0
    },
    "accuracy": 0.36082474226804123,
    "macro avg": {
        "precision": 0.28252406900183086,
        "recall": 0.2820561545372866,
        "f1-score": 0.2779835546136164,
        "support": 194.0
    },
    "weighted avg": {
        "precision": 0.3460104802455673,
        "recall": 0.36082474226804123,
        "f1-score": 0.3492124875174355,
        "support": 194.0
    }
}