{
    "metadata": {
        "video_path": "C:/Users/cesar/OneDrive - Instituto Tecnologico y de Estudios Superiores de Monterrey/Maestr\u00eda/Tesis/Videos/Clips/player5/part2/player5_part2_clip51_grade7.mp4",
        "video_name": "player5_part2_clip51_grade7",
        "player_id": 5,
        "part": 2,
        "clip": 51,
        "grade": 7,
        "duration": 3.036366666666667,
        "fps": 29.97002997002997,
        "frame_width": 1080,
        "frame_height": 1920,
        "total_frames": 91,
        "model": "mobilenet_thin",
        "resize": "0x0",
        "resize_out_ratio": 4.0,
        "reference_point": "Pelvis",
        "keypoints_used": [
            "Pelvis",
            "Right Elbow",
            "Right Wrist"
        ],
        "processing_date": "2025-12-04T04:30:49.193780"
    },
    "Pelvis": [
        [
            1058,
            366
        ],
        [
            1058,
            366
        ],
        [
            1058,
            366
        ],
        [
            1058,
            366
        ],
        [
            1058,
            366
        ],
        [
            1058,
            366
        ],
        [
            1058,
            366
        ],
        [
            1058,
            366
        ],
        [
            510,
            952
        ],
        [
            514,
            957
        ],
        [
            520,
            948
        ],
        [
            520,
            949
        ],
        [
            1058,
            364
        ],
        [
            1058,
            364
        ],
        [
            526,
            932
        ],
        [
            1058,
            366
        ],
        [
            1058,
            366
        ],
        [
            1058,
            366
        ],
        [
            1058,
            366
        ],
        [
            1058,
            366
        ],
        [
            502,
            948
        ],
        [
            510,
            952
        ],
        [
            506,
            948
        ],
        [
            502,
            949
        ],
        [
            516,
            957
        ],
        [
            528,
            948
        ],
        [
            548,
            956
        ]
    ],
    "Mano Derecha Original": [
        [
            1060,
            383
        ],
        [
            1060,
            383
        ],
        [
            1060,
            383
        ],
        [
            1060,
            383
        ],
        [
            1060,
            383
        ],
        [
            1060,
            383
        ],
        [
            1060,
            383
        ],
        [
            1060,
            383
        ],
        [
            438,
            1052
        ],
        [
            440,
            1054
        ],
        [
            446,
            1122
        ],
        [
            450,
            1122
        ],
        [
            1062,
            383
        ],
        [
            1062,
            383
        ],
        [
            464,
            1112
        ],
        [
            1060,
            383
        ],
        [
            1060,
            383
        ],
        [
            1060,
            383
        ],
        [
            1060,
            383
        ],
        [
            1060,
            383
        ],
        [
            464,
            1112
        ],
        [
            464,
            1108
        ],
        [
            470,
            1089
        ],
        [
            476,
            1056
        ],
        [
            572,
            999
        ],
        [
            574,
            980
        ],
        [
            524,
            966
        ]
    ],
    "Mano Derecha Referencia": [
        [
            2,
            17
        ],
        [
            2,
            17
        ],
        [
            2,
            17
        ],
        [
            2,
            17
        ],
        [
            2,
            17
        ],
        [
            2,
            17
        ],
        [
            2,
            17
        ],
        [
            2,
            17
        ],
        [
            -72,
            100
        ],
        [
            -74,
            97
        ],
        [
            -74,
            174
        ],
        [
            -70,
            173
        ],
        [
            4,
            19
        ],
        [
            4,
            19
        ],
        [
            -62,
            180
        ],
        [
            2,
            17
        ],
        [
            2,
            17
        ],
        [
            2,
            17
        ],
        [
            2,
            17
        ],
        [
            2,
            17
        ],
        [
            -38,
            164
        ],
        [
            -46,
            156
        ],
        [
            -36,
            141
        ],
        [
            -26,
            107
        ],
        [
            56,
            42
        ],
        [
            46,
            32
        ],
        [
            -24,
            10
        ]
    ],
    "Codo Derecha Original": [
        [
            1054,
            386
        ],
        [
            1054,
            386
        ],
        [
            1054,
            386
        ],
        [
            1054,
            386
        ],
        [
            1054,
            386
        ],
        [
            1054,
            386
        ],
        [
            1054,
            386
        ],
        [
            1054,
            386
        ],
        [
            474,
            1026
        ],
        [
            476,
            1026
        ],
        [
            476,
            1110
        ],
        [
            480,
            1106
        ],
        [
            1056,
            386
        ],
        [
            1056,
            386
        ],
        [
            484,
            1082
        ],
        [
            1054,
            386
        ],
        [
            1054,
            386
        ],
        [
            1054,
            386
        ],
        [
            1054,
            386
        ],
        [
            1054,
            386
        ],
        [
            482,
            1076
        ],
        [
            482,
            1072
        ],
        [
            484,
            1059
        ],
        [
            482,
            1040
        ],
        [
            544,
            994
        ],
        [
            540,
            978
        ],
        [
            506,
            998
        ]
    ],