{
    "metadata": {
        "video_path": "C:/Users/cesar/OneDrive - Instituto Tecnologico y de Estudios Superiores de Monterrey/Maestr\u00eda/Tesis/Videos/Clips/player5/part2/player5_part2_clip50_grade7.mp4",
        "video_name": "player5_part2_clip50_grade7",
        "player_id": 5,
        "part": 2,
        "clip": 50,
        "grade": 7,
        "duration": 3.036366666666667,
        "fps": 29.97002997002997,
        "frame_width": 1080,
        "frame_height": 1920,
        "total_frames": 91,
        "model": "mobilenet_thin",
        "resize": "0x0",
        "resize_out_ratio": 4.0,
        "reference_point": "Pelvis",
        "keypoints_used": [
            "Pelvis",
            "Right Elbow",
            "Right Wrist"
        ],
        "processing_date": "2025-12-04T04:27:14.453532"
    },
    "Pelvis": [
        [
            572,
            926
        ],
        [
            570,
            919
        ],
        [
            568,
            916
        ],
        [
            564,
            916
        ],
        [
            564,
            927
        ],
        [
            562,
            930
        ],
        [
            562,
            932
        ],
        [
            536,
            944
        ],
        [
            532,
            946
        ],
        [
            540,
            956
        ],
        [
            538,
            953
        ],
        [
            536,
            949
        ],
        [
            532,
            960
        ],
        [
            534,
            961
        ],
        [
            546,
            957
        ],
        [
            546,
            956
        ],
        [
            548,
            956
        ],
        [
            552,
            953
        ],
        [
            623,
            940
        ],
        [
            623,
            934
        ],
        [
            623,
            934
        ],
        [
            623,
            936
        ],
        [
            622,
            940
        ],
        [
            622,
            946
        ],
        [
            620,
            949
        ],
        [
            620,
            953
        ],
        [
            620,
            948
        ]
    ],
    "Mano Derecha Original": [
        [
            550,
            952
        ],
        [
            544,
            949
        ],
        [
            540,
            953
        ],
        [
            544,
            976
        ],
        [
            544,
            978
        ],
        [
            540,
            986
        ],
        [
            530,
            998
        ],
        [
            478,
            1046
        ],
        [
            480,
            1048
        ],
        [
            508,
            1058
        ],
        [
            534,
            982
        ],
        [
            512,
            1116
        ],
        [
            492,
            1016
        ],
        [
            518,
            982
        ],
        [
            546,
            980
        ],
        [
            576,
            978
        ],
        [
            600,
            982
        ],
        [
            604,
            991
        ],
        [
            614,
            956
        ],
        [
            618,
            953
        ],
        [
            618,
            956
        ],
        [
            618,
            960
        ],
        [
            616,
            966
        ],
        [
            616,
            972
        ],
        [
            616,
            976
        ],
        [
            616,
            980
        ],
        [
            612,
            978
        ]
    ],
    "Mano Derecha Referencia": [
        [
            -22,
            26
        ],
        [
            -26,
            30
        ],
        [
            -28,
            37
        ],
        [
            -20,
            60
        ],
        [
            -20,
            51
        ],
        [
            -22,
            56
        ],
        [
            -32,
            66
        ],
        [
            -58,
            102
        ],
        [
            -52,
            102
        ],
        [
            -32,
            102
        ],
        [
            -4,
            29
        ],
        [
            -24,
            167
        ],
        [
            -40,
            56
        ],
        [
            -16,
            21
        ],
        [
            0,
            23
        ],
        [
            30,
            22
        ],
        [
            52,
            26
        ],
        [
            52,
            38
        ],
        [
            -9,
            16
        ],
        [
            -5,
            19
        ],
        [
            -5,
            22
        ],
        [
            -5,
            24
        ],
        [
            -6,
            26
        ],
        [
            -6,
            26
        ],
        [
            -4,
            27
        ],
        [
            -4,
            27
        ],
        [
            -8,
            30
        ]
    ],
    "Codo Derecha Original": [
        [
            546,
            983
        ],
        [
            550,
            983
        ],
        [
            542,
            988
        ],
        [
            550,
            983
        ],
        [
            558,
            994
        ],
        [
            556,
            1006
        ],
        [
            550,
            1006
        ],
        [
            506,
            1018
        ],
        [
            506,
            1020
        ],
        [
            532,
            1012
        ],
        [
            532,
            1006
        ],
        [
            532,
            1086
        ],
        [
            516,
            1034
        ],
        [
            518,
            1020
        ],
        [
            528,
            1008
        ],
        [
            546,
            998
        ],
        [
            560,
            994
        ],
        [
            568,
            994
        ],
        [
            582,
            972
        ],
        [
            586,
            968
        ],
        [
            586,
            969
        ],
        [
            588,
            969
        ],
        [
            588,
            978
        ],
        [
            588,
            982
        ],
        [
            584,
            986
        ],
        [
            582,
            990
        ],
        [
            582,
            991
        ]
    ],