{
    "Very Low": {
        "precision": 0.16666666666666666,
        "recall": 0.125,
        "f1-score": 0.14285714285714285,
        "support": 8.0
    },
    "Low": {
        "precision": 0.3076923076923077,
        "recall": 0.26666666666666666,
        "f1-score": 0.2857142857142857,
        "support": 15.0
    },
    "Medium": {
        "precision": 0.3448275862068966,
        "recall": 0.38461538461538464,
        "f1-score": 0.36363636363636365,
        "support": 26.0
    },
    "High": {
        "precision": 0.46153846153846156,
        "recall": 0.5142857142857142,
        "f1-score": 0.4864864864864865,
        "support": 35.0
    },
    "Excellent": {
        "precision": 0.1,
        "recall": 0.07692307692307693,
        "f1-score": 0.08695652173913043,
        "support": 13.0
    },
    "accuracy": 0.35051546391752575,
    "macro avg": {
        "precision": 0.27614500442086654,
        "recall": 0.27349816849816844,
        "f1-score": 0.2731301600866818,
        "support": 97.0
    },
    "weighted avg": {
        "precision": 0.33369156024683927,
        "recall": 0.35051546391752575,
        "f1-score": 0.34062452260569703,
        "support": 97.0
    }
}