{
    "Very Low": {
        "precision": 0.25,
        "recall": 0.2,
        "f1-score": 0.2222222222222222,
        "support": 20.0
    },
    "Low": {
        "precision": 0.1794871794871795,
        "recall": 0.1891891891891892,
        "f1-score": 0.18421052631578946,
        "support": 37.0
    },
    "Medium": {
        "precision": 0.38235294117647056,
        "recall": 0.3939393939393939,
        "f1-score": 0.3880597014925373,
        "support": 66.0
    },
    "High": {
        "precision": 0.4639175257731959,
        "recall": 0.5113636363636364,
        "f1-score": 0.4864864864864865,
        "support": 88.0
    },
    "Excellent": {
        "precision": 0.18181818181818182,
        "recall": 0.12903225806451613,
        "f1-score": 0.1509433962264151,
        "support": 31.0
    },
    "accuracy": 0.35537190082644626,
    "macro avg": {
        "precision": 0.29151516565100555,
        "recall": 0.2847048955113471,
        "f1-score": 0.28638446654869015,
        "support": 242.0
    },
    "weighted avg": {
        "precision": 0.34436952753337846,
        "recall": 0.35537190082644626,
        "f1-score": 0.34860425748126367,
        "support": 242.0
    }
}