{
    "loss": [
        2.064694404602051,
        1.684954285621643,
        1.530912160873413,
        1.4472328424453735,
        1.4248809814453125,
        1.459079623222351,
        1.3600143194198608,
        1.3136295080184937,
        1.2461270093917847,
        1.1982643604278564,
        1.1880594491958618,
        1.109392762184143,
        1.1286542415618896,
        1.0778223276138306,
        0.9948097467422485,
        0.9600310325622559,
        0.9354957342147827,
        0.8581706881523132,
        0.8556511402130127,
        0.8910267949104309,
        0.8755314350128174,
        0.7689370512962341
    ],
    "accuracy": [
        0.2006472498178482,
        0.27184465527534485,
        0.3236245810985565,
        0.3559870421886444,
        0.37216827273368835,
        0.34951457381248474,
        0.40453073382377625,
        0.3980582654476166,
        0.4530744254589081,
        0.4563106894493103,
        0.4789643883705139,
        0.491909384727478,
        0.4530744254589081,
        0.4660194218158722,
        0.5145630836486816,
        0.5404530763626099,
        0.5663430690765381,
        0.5922330021858215,
        0.6213592290878296,
        0.6181229948997498,
        0.5728155374526978,
        0.663430392742157
    ],
    "val_loss": [
        1.609712839126587,
        1.6116482019424438,
        1.6052554845809937,
        1.5822101831436157,
        1.576127290725708,
        1.6040176153182983,
        1.583140254020691,
        1.5828694105148315,
        1.5808727741241455,
        1.5536234378814697,
        1.7036718130111694,
        1.5754145383834839,
        1.7018576860427856,
        1.8242971897125244,
        1.8079233169555664,
        1.7768834829330444,
        1.788827896118164,
        1.7990740537643433,
        1.8484951257705688,
        2.022035837173462,
        2.144198179244995,
        1.9291561841964722
    ],
    "val_accuracy": [
        0.1538461595773697,
        0.12820513546466827,
        0.1666666716337204,
        0.20512820780277252,
        0.20512820780277252,
        0.23076923191547394,
        0.20512820780277252,
        0.23076923191547394,
        0.20512820780277252,
        0.28205129504203796,
        0.24358974397182465,
        0.3461538553237915,
        0.3076923191547394,
        0.1794871836900711,
        0.21794871985912323,
        0.20512820780277252,
        0.23076923191547394,
        0.26923078298568726,
        0.3205128312110901,
        0.19230769574642181,
        0.20512820780277252,
        0.28205129504203796
    ]
}