{
    "loss": [
        2.624422073364258,
        2.2709991931915283,
        2.228306293487549,
        2.0841269493103027,
        2.0439860820770264,
        1.8769582509994507,
        1.8626025915145874,
        1.8961398601531982,
        1.8388525247573853,
        1.64966881275177,
        1.6465133428573608,
        1.6591812372207642,
        1.5634404420852661,
        1.6174182891845703,
        1.490119457244873,
        1.5568907260894775,
        1.4530398845672607,
        1.340532660484314,
        1.3616667985916138,
        1.3873525857925415,
        1.2524652481079102,
        1.343072533607483,
        1.2253013849258423,
        1.1475205421447754,
        1.0681908130645752,
        1.1257163286209106
    ],
    "accuracy": [
        0.14525139331817627,
        0.20111732184886932,
        0.22346368432044983,
        0.2569832503795624,
        0.2793295979499817,
        0.3966480493545532,
        0.3240223526954651,
        0.3463687002658844,
        0.3296089470386505,
        0.40223464369773865,
        0.42458099126815796,
        0.4134078323841095,
        0.4525139629840851,
        0.44134077429771423,
        0.5251396894454956,
        0.46927374601364136,
        0.4972067177295685,
        0.5418994426727295,
        0.5083798766136169,
        0.49162012338638306,
        0.5363128781318665,
        0.5363128781318665,
        0.5865921974182129,
        0.6145251393318176,
        0.6424580812454224,
        0.6145251393318176
    ],
    "val_loss": [
        2.2626254558563232,
        2.2374682426452637,
        2.226322889328003,
        2.2038679122924805,
        2.2031893730163574,
        2.1691958904266357,
        2.1953935623168945,
        2.1722354888916016,
        2.1087944507598877,
        2.1403555870056152,
        2.134053945541382,
        2.118124485015869,
        2.1410634517669678,
        2.0806024074554443,
        2.104517698287964,
        2.1190240383148193,
        2.165191888809204,
        2.2499642372131348,
        2.179755926132202,
        2.150357246398926,
        2.189840078353882,
        2.2391014099121094,
        2.3161072731018066,
        2.25858998298645,
        2.3765816688537598,
        2.4713191986083984
    ],
    "val_accuracy": [
        0.2888889014720917,
        0.24444444477558136,
        0.2666666805744171,
        0.2666666805744171,
        0.2666666805744171,
        0.31111112236976624,
        0.2222222238779068,
        0.2222222238779068,
        0.31111112236976624,
        0.2888889014720917,
        0.2666666805744171,
        0.2888889014720917,
        0.24444444477558136,
        0.3333333432674408,
        0.2666666805744171,
        0.2888889014720917,
        0.20000000298023224,
        0.20000000298023224,
        0.2888889014720917,
        0.2888889014720917,
        0.24444444477558136,
        0.2888889014720917,
        0.2888889014720917,
        0.2666666805744171,
        0.2666666805744171,
        0.20000000298023224
    ]
}