{
    "Very Low": {
        "precision": 0.0,
        "recall": 0.0,
        "f1-score": 0.0,
        "support": 4.0
    },
    "Low": {
        "precision": 0.3333333333333333,
        "recall": 0.125,
        "f1-score": 0.18181818181818182,
        "support": 8.0
    },
    "Medium": {
        "precision": 0.3333333333333333,
        "recall": 0.3076923076923077,
        "f1-score": 0.32,
        "support": 13.0
    },
    "High": {
        "precision": 0.35294117647058826,
        "recall": 0.3333333333333333,
        "f1-score": 0.34285714285714286,
        "support": 18.0
    },
    "Excellent": {
        "precision": 0.25,
        "recall": 0.5,
        "f1-score": 0.3333333333333333,
        "support": 6.0
    },
    "accuracy": 0.2857142857142857,
    "macro avg": {
        "precision": 0.25392156862745097,
        "recall": 0.2532051282051282,
        "f1-score": 0.2356017316017316,
        "support": 49.0
    },
    "weighted avg": {
        "precision": 0.30312124849939975,
        "recall": 0.2857142857142857,
        "f1-score": 0.2813464086933475,
        "support": 49.0
    }
}