{
    "Very Low": {
        "precision": 0.16666666666666666,
        "recall": 0.08333333333333333,
        "f1-score": 0.1111111111111111,
        "support": 12.0
    },
    "Low": {
        "precision": 0.32,
        "recall": 0.36363636363636365,
        "f1-score": 0.3404255319148936,
        "support": 22.0
    },
    "Medium": {
        "precision": 0.3684210526315789,
        "recall": 0.35,
        "f1-score": 0.358974358974359,
        "support": 40.0
    },
    "High": {
        "precision": 0.42105263157894735,
        "recall": 0.4528301886792453,
        "f1-score": 0.43636363636363634,
        "support": 53.0
    },
    "Excellent": {
        "precision": 0.15,
        "recall": 0.15789473684210525,
        "f1-score": 0.15384615384615385,
        "support": 19.0
    },
    "accuracy": 0.3424657534246575,
    "macro avg": {
        "precision": 0.28522807017543855,
        "recall": 0.2815389244982095,
        "f1-score": 0.2801441584420307,
        "support": 146.0
    },
    "weighted avg": {
        "precision": 0.3352235039653929,
        "recall": 0.3424657534246575,
        "f1-score": 0.3372056098957877,
        "support": 146.0
    }
}