{
    "Very Low": {
        "precision": 0.1,
        "recall": 0.125,
        "f1-score": 0.1111111111111111,
        "support": 8.0
    },
    "Low": {
        "precision": 0.11764705882352941,
        "recall": 0.13333333333333333,
        "f1-score": 0.125,
        "support": 15.0
    },
    "Medium": {
        "precision": 0.3333333333333333,
        "recall": 0.34615384615384615,
        "f1-score": 0.33962264150943394,
        "support": 26.0
    },
    "High": {
        "precision": 0.42857142857142855,
        "recall": 0.34285714285714286,
        "f1-score": 0.38095238095238093,
        "support": 35.0
    },
    "Excellent": {
        "precision": 0.2,
        "recall": 0.23076923076923078,
        "f1-score": 0.21428571428571427,
        "support": 13.0
    },
    "accuracy": 0.27835051546391754,
    "macro avg": {
        "precision": 0.23591036414565827,
        "recall": 0.23562271062271062,
        "f1-score": 0.23419436957172804,
        "support": 97.0
    },
    "weighted avg": {
        "precision": 0.2972306448352537,
        "recall": 0.27835051546391754,
        "f1-score": 0.28570232151733804,
        "support": 97.0
    }
}