{
    "Very Low": {
        "precision": 0.2,
        "recall": 0.125,
        "f1-score": 0.15384615384615385,
        "support": 8.0
    },
    "Low": {
        "precision": 0.21428571428571427,
        "recall": 0.2,
        "f1-score": 0.20689655172413793,
        "support": 15.0
    },
    "Medium": {
        "precision": 0.3793103448275862,
        "recall": 0.4230769230769231,
        "f1-score": 0.4,
        "support": 26.0
    },
    "High": {
        "precision": 0.4166666666666667,
        "recall": 0.42857142857142855,
        "f1-score": 0.4225352112676056,
        "support": 35.0
    },
    "Excellent": {
        "precision": 0.3076923076923077,
        "recall": 0.3076923076923077,
        "f1-score": 0.3076923076923077,
        "support": 13.0
    },
    "accuracy": 0.35051546391752575,
    "macro avg": {
        "precision": 0.303591006694455,
        "recall": 0.2968681318681319,
        "f1-score": 0.29819404490604107,
        "support": 97.0
    },
    "weighted avg": {
        "precision": 0.34288338157872467,
        "recall": 0.35051546391752575,
        "f1-score": 0.345597421659768,
        "support": 97.0
    }
}